episode,episode_reward
1,160.70000000000002
2,160.70000000000002
3,160.70000000000002
